{"cameraMode":{"drawMode":0,"name":"Shaded","section":"Shading Mode"},"sceneLighting":false,"audioPlay":false,"sceneViewState":{"showFog":true,"showMaterialUpdate":false,"showSkybox":false,"showFlares":true,"showImageEffects":true,"showParticleSystems":true,"showVisualEffectGraphs":true,"m_FxEnabled":true},"in2DMode":false,"pivot":{"x":-5.960464477539063e-8,"y":0.8631883859634399,"z":0.26503610610961916},"rotation":{"x":-0.03688977658748627,"y":0.9543343782424927,"z":-0.1328425258398056,"w":-0.26502907276153567},"size":1.7380387783050538,"orthographic":false}