{"cameraMode":{"drawMode":0,"name":"Shaded","section":"Shading Mode"},"sceneLighting":false,"audioPlay":false,"sceneViewState":{"showFog":true,"showMaterialUpdate":false,"showSkybox":false,"showFlares":true,"showImageEffects":true,"showParticleSystems":true,"showVisualEffectGraphs":true,"m_FxEnabled":true},"in2DMode":false,"pivot":{"x":-13.479999542236329,"y":8.350709915161133,"z":-2.4600000381469728},"rotation":{"x":0.00019203702686354518,"y":-0.9989164471626282,"z":-0.00418549869209528,"w":-0.0465068481862545},"size":2.4730727672576906,"orthographic":false}