{"cameraMode":{"drawMode":0,"name":"Shaded","section":"Shading Mode"},"sceneLighting":false,"audioPlay":false,"sceneViewState":{"showFog":true,"showMaterialUpdate":false,"showSkybox":false,"showFlares":true,"showImageEffects":true,"showParticleSystems":true,"showVisualEffectGraphs":true,"m_FxEnabled":true},"in2DMode":false,"pivot":{"x":-0.003571629524230957,"y":1.7017695903778077,"z":0.2191939353942871},"rotation":{"x":0.21061624586582185,"y":0.25407594442367556,"z":-0.05677027627825737,"w":0.9422816634178162},"size":2.98323917388916,"orthographic":false}