{"cameraMode":{"drawMode":0,"name":"Shaded","section":"Shading Mode"},"sceneLighting":false,"audioPlay":false,"sceneViewState":{"showFog":true,"showMaterialUpdate":false,"showSkybox":false,"showFlares":true,"showImageEffects":true,"showParticleSystems":true,"showVisualEffectGraphs":true,"m_FxEnabled":true},"in2DMode":false,"pivot":{"x":0.0018178224563598633,"y":0.2834095060825348,"z":0.0005217790603637695},"rotation":{"x":0.13935486972332,"y":-0.7953634262084961,"z":0.5550796389579773,"w":0.19968760013580323},"size":3.7466869354248049,"orthographic":false}