{"cameraMode":{"drawMode":0,"name":"Shaded","section":"Shading Mode"},"sceneLighting":false,"audioPlay":false,"sceneViewState":{"showFog":true,"showMaterialUpdate":false,"showSkybox":false,"showFlares":true,"showImageEffects":true,"showParticleSystems":true,"showVisualEffectGraphs":true,"m_FxEnabled":true},"in2DMode":false,"pivot":{"x":0.0037737488746643068,"y":1.3466007709503174,"z":-0.08419597148895264},"rotation":{"x":0.21061624586582185,"y":0.25407594442367556,"z":-0.05677027627825737,"w":0.9422816634178162},"size":1.4612523317337037,"orthographic":false}