{"cameraMode":{"drawMode":0,"name":"Shaded","section":"Shading Mode"},"sceneLighting":false,"audioPlay":false,"sceneViewState":{"showFog":true,"showMaterialUpdate":false,"showSkybox":false,"showFlares":true,"showImageEffects":true,"showParticleSystems":true,"showVisualEffectGraphs":true,"m_FxEnabled":true},"in2DMode":false,"pivot":{"x":0.04458203911781311,"y":0.6826138496398926,"z":0.34515419602394106},"rotation":{"x":-0.02756442502140999,"y":0.9266985058784485,"z":-0.368320107460022,"w":-0.06935235112905503},"size":1.2255713939666749,"orthographic":false}