{"cameraMode":{"drawMode":0,"name":"Shaded","section":"Shading Mode"},"sceneLighting":true,"audioPlay":false,"sceneViewState":{"showFog":true,"showMaterialUpdate":false,"showSkybox":true,"showFlares":true,"showImageEffects":true,"showParticleSystems":true,"showVisualEffectGraphs":true,"m_FxEnabled":true},"in2DMode":false,"pivot":{"x":-0.10723114013671875,"y":3.169332981109619,"z":-2.8256773948669435},"rotation":{"x":0.05692581087350845,"y":-0.9144904613494873,"z":0.13850243389606477,"w":0.3758818209171295},"size":10.920249938964844,"orthographic":false}