{"cameraMode":{"drawMode":0,"name":"Shaded","section":"Shading Mode"},"sceneLighting":true,"audioPlay":false,"sceneViewState":{"showFog":true,"showMaterialUpdate":false,"showSkybox":true,"showFlares":true,"showImageEffects":true,"showParticleSystems":true,"showVisualEffectGraphs":true,"m_FxEnabled":true},"in2DMode":false,"pivot":{"x":0.03721576929092407,"y":1.204247236251831,"z":3.513815402984619},"rotation":{"x":0.38446733355522158,"y":0.08261925727128983,"z":-0.03457134589552879,"w":0.9187886714935303},"size":9.630622863769532,"orthographic":false}