{"cameraMode":{"drawMode":0,"name":"Shaded","section":"Shading Mode"},"sceneLighting":true,"audioPlay":false,"sceneViewState":{"showFog":true,"showMaterialUpdate":false,"showSkybox":true,"showFlares":true,"showImageEffects":true,"showParticleSystems":true,"showVisualEffectGraphs":true,"m_FxEnabled":true},"in2DMode":false,"pivot":{"x":3.4146766662597658,"y":13.84256649017334,"z":3.5834312438964845},"rotation":{"x":0.3892812132835388,"y":0.013815879821777344,"z":-0.005838517565280199,"w":0.9209977388381958},"size":5.675715923309326,"orthographic":false}